{
  "model": "transfer_resnet50",
  "epochs": 80,
  "batch_size": 32,
  "learning_rate": 0.001,
  "dropout": 0.5,
  "loss_function": "label_smoothing",
  "image_size": 224,
  "mixup": true,
  "accuracy": 0.9812600969305331,
  "precision": 0.9785778031070111,
  "recall": 0.9853762440850887,
  "f1": 0.9818649075841354
}